S_NO;Order_Date;Order_ID;Requested_Delivery_Date;Customer_ID;Item_ID;Material_ID;Plant;Route_Number;Request_Quantity
1;2023-04-13;100001;2023-04-14;Customer1;10;318;1001;Van1;96
2;2023-04-13;100002;2023-04-14;Customer2;10;318;1001;Van1;120
3;2023-04-13;100003;2023-04-14;Customer3;10;318;1001;Van1;96
4;2023-04-13;100004;2023-04-14;Van1;10;318;1001;Van1;48
5;2023-04-13;100005;2023-04-14;Customer4;10;318;1001;Van1;216
6;2023-04-27;100006;2023-04-14;Customer5;10;318;1001;Van1;120
7;2023-04-13;100007;2023-04-14;Customer6;10;318;1001;Van1;216
8;2023-04-13;100008;2023-04-14;Customer7;10;318;1001;Van1;12
9;2023-04-13;100009;2023-04-14;Customer8;10;318;1001;Van1;24
10;2023-04-13;100010;2023-04-14;Customer9;10;318;1001;Van1;12
11;2023-04-13;100011;2023-04-14;Customer10;10;318;1001;Van2;12
12;2023-04-13;100012;2023-04-14;Customer11;10;318;1001;Van2;12
13;2023-04-13;100013;2023-04-14;Van2;10;318;1001;Van2;12
14;2023-04-13;100014;2023-04-14;Van2;10;318;1001;Van2;12
15;2023-04-13;100015;2023-04-14;Customer12;10;318;1001;Van2;18
16;2023-04-13;100016;2023-04-14;Customer13;10;318;1001;Van2;18
17;2023-04-13;100017;2023-04-14;Customer14;10;318;1001;Van2;12
18;2023-04-13;100018;2023-04-14;Customer15;10;318;1001;Van2;12
19;2023-04-13;100019;2023-04-14;Customer16;10;318;1001;Van2;18
20;2023-04-13;100020;2023-04-14;Customer17;10;318;1001;Van2;18
21;2023-04-13;100001;2023-04-14;Customer1;20;319;1001;Van1;96
22;2023-04-13;100002;2023-04-14;Customer2;20;319;1001;Van1;120
23;2023-04-13;100003;2023-04-14;Customer3;20;319;1001;Van1;96
24;2023-04-13;100004;2023-04-14;Van1;20;319;1001;Van1;48
25;2023-04-13;100005;2023-04-14;Customer4;20;319;1001;Van1;216
26;2023-04-13;100006;2023-04-14;Customer5;20;319;1001;Van1;120
27;2023-04-13;100007;2023-04-14;Customer6;20;319;1001;Van1;216
28;2023-04-13;100008;2023-04-14;Customer7;20;319;1001;Van1;12
29;2023-04-13;100009;2023-04-14;Customer8;20;319;1001;Van1;24
30;2023-04-13;100010;2023-04-14;Customer9;20;319;1001;Van1;12
31;2023-04-13;100011;2023-04-14;Customer10;20;319;1001;Van2;12
32;2023-04-13;100012;2023-04-14;Customer11;20;319;1001;Van2;12
33;2023-04-13;100013;2023-04-14;Van2;20;319;1001;Van2;12
34;2023-04-13;100014;2023-04-14;Van2;20;319;1001;Van2;12
35;2023-04-13;100015;2023-04-14;Customer12;20;319;1001;Van2;18
36;2023-04-13;100016;2023-04-14;Customer13;20;319;1001;Van2;18
37;2023-04-13;100017;2023-04-14;Customer14;20;319;1001;Van2;12
38;2023-04-13;100018;2023-04-14;Customer15;20;319;1001;Van2;12
39;2023-04-13;100019;2023-04-14;Customer16;20;319;1001;Van2;18
40;2023-04-13;100020;2023-04-14;Customer17;20;319;1001;Van2;18
41;2023-04-13;100001;2023-04-14;Customer1;30;331;1001;Van1;96
42;2023-04-13;100002;2023-04-14;Customer2;30;331;1001;Van1;120
43;2023-04-13;100003;2023-04-14;Customer3;30;331;1001;Van1;96
44;2023-04-13;100004;2023-04-14;Van1;30;331;1001;Van1;48
45;2023-04-13;100005;2023-04-14;Customer4;30;331;1001;Van1;216
46;2023-04-13;100006;2023-04-14;Customer5;30;331;1001;Van1;120
47;2023-04-13;100007;2023-04-14;Customer6;30;331;1001;Van1;216
48;2023-04-13;100008;2023-04-14;Customer7;30;331;1001;Van1;12
49;2023-04-13;100009;2023-04-14;Customer8;30;331;1001;Van1;24
50;2023-04-13;100010;2023-04-14;Customer9;30;331;1001;Van1;12
51;2023-04-13;100011;2023-04-14;Customer10;30;331;1001;Van2;12
52;2023-04-13;100012;2023-04-14;Customer11;30;331;1001;Van2;12
53;2023-04-13;100013;2023-04-14;Van2;30;331;1001;Van2;12
54;2023-04-13;100014;2023-04-14;Van2;30;331;1001;Van2;12
55;2023-04-13;100015;2023-04-14;Customer12;30;331;1001;Van2;18
56;2023-04-13;100016;2023-04-14;Customer13;30;331;1001;Van2;18
57;2023-04-13;100017;2023-04-14;Customer14;30;331;1001;Van2;12
58;2023-04-13;100018;2023-04-14;Customer15;30;331;1001;Van2;12
59;2023-04-13;100019;2023-04-14;Customer16;30;331;1001;Van2;18
60;2023-04-13;100020;2023-04-14;Customer17;30;331;1001;Van2;18
61;2023-04-13;100001;2023-04-14;Customer1;60;341;1001;Van1;96
62;2023-04-13;100002;2023-04-14;Customer2;60;341;1001;Van1;120
63;2023-04-13;100003;2023-04-14;Customer3;60;341;1001;Van1;96
64;2023-04-13;100004;2023-04-14;Van1;60;341;1001;Van1;48
65;2023-04-13;100005;2023-04-14;Customer4;60;341;1001;Van1;216
66;2023-04-13;100006;2023-04-14;Customer5;60;341;1001;Van1;120
67;2023-04-13;100007;2023-04-14;Customer6;60;341;1001;Van1;216
68;2023-04-13;100008;2023-04-14;Customer7;60;341;1001;Van1;12
69;2023-04-13;100009;2023-04-14;Customer8;60;341;1001;Van1;24
70;2023-04-13;100010;2023-04-14;Customer9;60;341;1001;Van1;12
71;2023-04-13;100011;2023-04-14;Customer10;60;341;1001;Van2;12
72;2023-04-13;100012;2023-04-14;Customer11;60;341;1001;Van2;12
73;2023-04-13;100013;2023-04-14;Van2;60;341;1001;Van2;12
74;2023-04-13;100014;2023-04-14;Van2;60;341;1001;Van2;12
75;2023-04-13;100015;2023-04-14;Customer12;60;341;1001;Van2;18
76;2023-04-13;100016;2023-04-14;Customer13;60;341;1001;Van2;18
77;2023-04-13;100017;2023-04-14;Customer14;60;341;1001;Van2;12
78;2023-04-13;100018;2023-04-14;Customer15;60;341;1001;Van2;12
79;2023-04-13;100019;2023-04-14;Customer16;60;341;1001;Van2;18
80;2023-04-13;100020;2023-04-14;Customer17;60;341;1001;Van2;18
81;2023-04-13;100001;2023-04-14;Customer1;70;342;1001;Van1;96
82;2023-04-13;100002;2023-04-14;Customer2;70;342;1001;Van1;120
83;2023-04-13;100003;2023-04-14;Customer3;70;342;1001;Van1;96
84;2023-04-13;100004;2023-04-14;Van1;70;342;1001;Van1;48
85;2023-04-13;100005;2023-04-14;Customer4;70;342;1001;Van1;216
86;2023-04-13;100006;2023-04-14;Customer5;70;342;1001;Van1;120
87;2023-04-13;100007;2023-04-14;Customer6;70;342;1001;Van1;216
88;2023-04-13;100008;2023-04-14;Customer7;70;342;1001;Van1;12
89;2023-04-13;100009;2023-04-14;Customer8;70;342;1001;Van1;24
90;2023-04-13;100010;2023-04-14;Customer9;70;342;1001;Van1;12
91;2023-04-13;100011;2023-04-14;Customer10;70;342;1001;Van2;12
92;2023-04-13;100012;2023-04-14;Customer11;70;342;1001;Van2;12
93;2023-04-13;100013;2023-04-14;Van2;70;342;1001;Van2;12
94;2023-04-13;100014;2023-04-14;Van2;70;342;1001;Van2;12
95;2023-04-13;100015;2023-04-14;Customer12;70;342;1001;Van2;18
96;2023-04-13;100016;2023-04-14;Customer13;70;342;1001;Van2;18
97;2023-04-13;100017;2023-04-14;Customer14;70;342;1001;Van2;12
98;2023-04-13;100018;2023-04-14;Customer15;70;342;1001;Van2;12
99;2023-04-13;100019;2023-04-14;Customer16;70;342;1001;Van2;18
100;2023-04-13;100020;2023-04-14;Customer17;70;342;1001;Van2;18
101;2023-04-13;100004;2023-04-14;Van1;40;401;1001;Van1;96
102;2023-04-13;100013;2023-04-14;Van2;40;401;1001;Van2;120
103;2023-04-13;100021;2023-04-14;Van3;40;401;1001;Van3;96
104;2023-04-13;100022;2023-04-14;Van4;40;401;1001;Van4;48
105;2023-04-13;100023;2023-04-14;Van5;40;401;1001;Van5;24
106;2023-04-13;100024;2023-04-14;Van6;40;401;1001;Van6;12
107;2023-04-13;100025;2023-04-14;Van7;40;401;1001;Van7;216
108;2023-04-13;100026;2023-04-14;Van8;40;401;1001;Van8;12
109;2023-04-13;100027;2023-04-14;Van9;40;401;1001;Van9;216
110;2023-04-13;100028;2023-04-14;Van10;40;401;1001;Van10;120
111;2023-04-13;100029;2023-04-14;Van11;40;401;1001;Van11;24
112;2023-04-13;100030;2023-04-14;Van12;40;401;1001;Van12;96
113;2023-04-13;100031;2023-04-14;Van13;40;401;1001;Van13;48
114;2023-04-13;100032;2023-04-14;Van14;40;401;1001;Van14;24
115;2023-04-13;100033;2023-04-14;Van15;40;401;1001;Van15;18
116;2023-04-13;100034;2023-04-14;Van16;40;401;1001;Van16;18
117;2023-04-13;100035;2023-04-14;Van17;40;401;1001;Van17;12
118;2023-04-13;100036;2023-04-14;Van18;40;401;1001;Van18;12
119;2023-04-13;100037;2023-04-14;Van19;40;401;1001;Van19;18
120;2023-04-13;100038;2023-04-14;Van20;40;401;1001;Van20;18
121;2023-04-13;100004;2023-04-14;Van1;50;402;1001;Van1;96
122;2023-04-13;100013;2023-04-14;Van2;50;402;1001;Van2;120
123;2023-04-13;100021;2023-04-14;Van3;50;402;1001;Van3;96
124;2023-04-13;100022;2023-04-14;Van4;50;402;1001;Van4;48
125;2023-04-13;100023;2023-04-14;Van5;50;402;1001;Van5;24
126;2023-04-13;100024;2023-04-14;Van6;50;402;1001;Van6;12
127;2023-04-13;100025;2023-04-14;Van7;50;402;1001;Van7;216
128;2023-04-13;100026;2023-04-14;Van8;50;402;1001;Van8;12
129;2023-04-13;100027;2023-04-14;Van9;50;402;1001;Van9;216
130;2023-04-13;100028;2023-04-14;Van10;50;402;1001;Van10;120
131;2023-04-13;100029;2023-04-14;Van11;50;402;1001;Van11;24
132;2023-04-13;100030;2023-04-14;Van12;50;402;1001;Van12;96
133;2023-04-13;100031;2023-04-14;Van13;50;402;1001;Van13;48
134;2023-04-13;100032;2023-04-14;Van14;50;402;1001;Van14;24
135;2023-04-13;100033;2023-04-14;Van15;50;402;1001;Van15;18
136;2023-04-13;100034;2023-04-14;Van16;50;402;1001;Van16;18
137;2023-04-13;100035;2023-04-14;Van17;50;402;1001;Van17;12
138;2023-04-13;100036;2023-04-14;Van18;50;402;1001;Van18;12
139;2023-04-13;100037;2023-04-14;Van19;50;402;1001;Van19;18
140;2023-04-13;100038;2023-04-14;Van20;50;402;1001;Van20;18